"BLN","TGL","DHUHUR","ASHAR","MAGHRIB","ISYA","SUBUH","TERBIT","DHUHA"
7,30,30/12/1899 11:39:00,30/12/1899 14:53:00,30/12/1899 17:31:00,30/12/1899 18:43:00,30/12/1899 04:26:00,30/12/1899 05:42:00,30/12/1899 06:06:00
7,31,30/12/1899 11:39:00,30/12/1899 14:53:00,30/12/1899 17:31:00,30/12/1899 18:43:00,30/12/1899 04:26:00,30/12/1899 05:42:00,30/12/1899 06:06:00
8,1,30/12/1899 11:38:00,30/12/1899 14:58:00,30/12/1899 17:32:00,30/12/1899 18:43:00,30/12/1899 04:26:00,30/12/1899 05:42:00,30/12/1899 06:06:00
8,2,30/12/1899 11:38:00,30/12/1899 14:58:00,30/12/1899 17:32:00,30/12/1899 18:43:00,30/12/1899 04:26:00,30/12/1899 05:42:00,30/12/1899 06:06:00
8,3,30/12/1899 11:38:00,30/12/1899 14:58:00,30/12/1899 17:32:00,30/12/1899 18:43:00,30/12/1899 04:26:00,30/12/1899 05:42:00,30/12/1899 06:06:00
8,4,30/12/1899 11:38:00,30/12/1899 14:58:00,30/12/1899 17:32:00,30/12/1899 18:43:00,30/12/1899 04:26:00,30/12/1899 05:42:00,30/12/1899 06:06:00
8,5,30/12/1899 11:38:00,30/12/1899 14:58:00,30/12/1899 17:32:00,30/12/1899 18:43:00,30/12/1899 04:26:00,30/12/1899 05:42:00,30/12/1899 06:06:00
8,6,30/12/1899 11:38:00,30/12/1899 14:58:00,30/12/1899 17:32:00,30/12/1899 18:43:00,30/12/1899 04:26:00,30/12/1899 05:41:00,30/12/1899 06:05:00
8,7,30/12/1899 11:38:00,30/12/1899 14:58:00,30/12/1899 17:32:00,30/12/1899 18:43:00,30/12/1899 04:26:00,30/12/1899 05:41:00,30/12/1899 06:05:00
8,8,30/12/1899 11:38:00,30/12/1899 14:58:00,30/12/1899 17:32:00,30/12/1899 18:43:00,30/12/1899 04:26:00,30/12/1899 05:41:00,30/12/1899 06:05:00
8,9,30/12/1899 11:38:00,30/12/1899 14:58:00,30/12/1899 17:32:00,30/12/1899 18:43:00,30/12/1899 04:26:00,30/12/1899 05:41:00,30/12/1899 06:05:00
8,10,30/12/1899 11:38:00,30/12/1899 14:58:00,30/12/1899 17:32:00,30/12/1899 18:43:00,30/12/1899 04:26:00,30/12/1899 05:41:00,30/12/1899 06:05:00
8,11,30/12/1899 11:37:00,30/12/1899 14:57:00,30/12/1899 17:32:00,30/12/1899 18:42:00,30/12/1899 04:25:00,30/12/1899 05:39:00,30/12/1899 06:03:00
8,12,30/12/1899 11:37:00,30/12/1899 14:57:00,30/12/1899 17:32:00,30/12/1899 18:42:00,30/12/1899 04:25:00,30/12/1899 05:39:00,30/12/1899 06:03:00
8,13,30/12/1899 11:37:00,30/12/1899 14:57:00,30/12/1899 17:32:00,30/12/1899 18:42:00,30/12/1899 04:25:00,30/12/1899 05:39:00,30/12/1899 06:03:00
8,14,30/12/1899 11:37:00,30/12/1899 14:57:00,30/12/1899 17:32:00,30/12/1899 18:42:00,30/12/1899 04:25:00,30/12/1899 05:39:00,30/12/1899 06:03:00
8,15,30/12/1899 11:37:00,30/12/1899 14:57:00,30/12/1899 17:32:00,30/12/1899 18:42:00,30/12/1899 04:25:00,30/12/1899 05:39:00,30/12/1899 06:03:00
8,16,30/12/1899 11:36:00,30/12/1899 14:55:00,30/12/1899 17:32:00,30/12/1899 18:42:00,30/12/1899 04:23:00,30/12/1899 05:37:00,30/12/1899 06:01:00
8,17,30/12/1899 11:36:00,30/12/1899 14:55:00,30/12/1899 17:32:00,30/12/1899 18:42:00,30/12/1899 04:23:00,30/12/1899 05:37:00,30/12/1899 06:01:00
8,18,30/12/1899 11:36:00,30/12/1899 14:55:00,30/12/1899 17:32:00,30/12/1899 18:42:00,30/12/1899 04:23:00,30/12/1899 05:37:00,30/12/1899 06:01:00
8,19,30/12/1899 11:36:00,30/12/1899 14:55:00,30/12/1899 17:32:00,30/12/1899 18:42:00,30/12/1899 04:23:00,30/12/1899 05:37:00,30/12/1899 06:01:00
8,20,30/12/1899 11:36:00,30/12/1899 14:55:00,30/12/1899 17:32:00,30/12/1899 18:42:00,30/12/1899 04:23:00,30/12/1899 05:37:00,30/12/1899 06:01:00
8,21,30/12/1899 11:35:00,30/12/1899 14:53:00,30/12/1899 17:32:00,30/12/1899 18:41:00,30/12/1899 04:22:00,30/12/1899 05:35:00,30/12/1899 05:59:00
8,22,30/12/1899 11:35:00,30/12/1899 14:53:00,30/12/1899 17:32:00,30/12/1899 18:41:00,30/12/1899 04:22:00,30/12/1899 05:35:00,30/12/1899 05:59:00
8,23,30/12/1899 11:35:00,30/12/1899 14:53:00,30/12/1899 17:32:00,30/12/1899 18:41:00,30/12/1899 04:22:00,30/12/1899 05:35:00,30/12/1899 05:59:00
8,24,30/12/1899 11:35:00,30/12/1899 14:53:00,30/12/1899 17:32:00,30/12/1899 18:41:00,30/12/1899 04:22:00,30/12/1899 05:35:00,30/12/1899 05:59:00
8,25,30/12/1899 11:35:00,30/12/1899 14:53:00,30/12/1899 17:32:00,30/12/1899 18:41:00,30/12/1899 04:22:00,30/12/1899 05:35:00,30/12/1899 05:59:00
8,26,30/12/1899 11:33:00,30/12/1899 14:52:00,30/12/1899 17:31:00,30/12/1899 18:41:00,30/12/1899 04:20:00,30/12/1899 05:33:00,30/12/1899 05:57:00
8,27,30/12/1899 11:33:00,30/12/1899 14:52:00,30/12/1899 17:31:00,30/12/1899 18:41:00,30/12/1899 04:20:00,30/12/1899 05:33:00,30/12/1899 05:57:00
8,28,30/12/1899 11:33:00,30/12/1899 14:52:00,30/12/1899 17:31:00,30/12/1899 18:41:00,30/12/1899 04:20:00,30/12/1899 05:33:00,30/12/1899 05:57:00
8,29,30/12/1899 11:33:00,30/12/1899 14:52:00,30/12/1899 17:31:00,30/12/1899 18:41:00,30/12/1899 04:20:00,30/12/1899 05:33:00,30/12/1899 05:57:00
8,30,30/12/1899 11:33:00,30/12/1899 14:52:00,30/12/1899 17:31:00,30/12/1899 18:41:00,30/12/1899 04:20:00,30/12/1899 05:33:00,30/12/1899 05:57:00
8,31,30/12/1899 11:33:00,30/12/1899 14:52:00,30/12/1899 17:31:00,30/12/1899 18:41:00,30/12/1899 04:20:00,30/12/1899 05:33:00,30/12/1899 05:57:00
9,1,30/12/1899 11:32:00,30/12/1899 14:50:00,30/12/1899 17:31:00,30/12/1899 18:40:00,30/12/1899 04:18:00,30/12/1899 05:27:00,30/12/1899 05:54:00
9,2,30/12/1899 11:32:00,30/12/1899 14:50:00,30/12/1899 17:31:00,30/12/1899 18:40:00,30/12/1899 04:18:00,30/12/1899 05:27:00,30/12/1899 05:54:00
9,3,30/12/1899 11:32:00,30/12/1899 14:50:00,30/12/1899 17:31:00,30/12/1899 18:40:00,30/12/1899 04:18:00,30/12/1899 05:27:00,30/12/1899 05:54:00
9,4,30/12/1899 11:32:00,30/12/1899 14:50:00,30/12/1899 17:31:00,30/12/1899 18:40:00,30/12/1899 04:18:00,30/12/1899 05:27:00,30/12/1899 05:54:00
9,5,30/12/1899 11:32:00,30/12/1899 14:50:00,30/12/1899 17:31:00,30/12/1899 18:40:00,30/12/1899 04:18:00,30/12/1899 05:27:00,30/12/1899 05:54:00
9,6,30/12/1899 11:31:00,30/12/1899 14:47:00,30/12/1899 17:31:00,30/12/1899 18:39:00,30/12/1899 04:16:00,30/12/1899 05:25:00,30/12/1899 05:52:00
9,7,30/12/1899 11:31:00,30/12/1899 14:47:00,30/12/1899 17:31:00,30/12/1899 18:39:00,30/12/1899 04:16:00,30/12/1899 05:25:00,30/12/1899 05:52:00
9,8,30/12/1899 11:31:00,30/12/1899 14:47:00,30/12/1899 17:31:00,30/12/1899 18:39:00,30/12/1899 04:16:00,30/12/1899 05:25:00,30/12/1899 05:52:00
9,9,30/12/1899 11:31:00,30/12/1899 14:47:00,30/12/1899 17:31:00,30/12/1899 18:39:00,30/12/1899 04:16:00,30/12/1899 05:25:00,30/12/1899 05:52:00
1,1,30/12/1899 11:36:00,30/12/1899 15:00:00,30/12/1899 17:52:00,30/12/1899 19:06:00,30/12/1899 03:59:00,30/12/1899 05:17:00,30/12/1899 05:41:00
1,2,30/12/1899 11:36:00,30/12/1899 15:00:00,30/12/1899 17:52:00,30/12/1899 19:06:00,30/12/1899 03:59:00,30/12/1899 05:17:00,30/12/1899 05:41:00
1,3,30/12/1899 11:36:00,30/12/1899 15:00:00,30/12/1899 17:52:00,30/12/1899 19:06:00,30/12/1899 03:59:00,30/12/1899 05:17:00,30/12/1899 05:41:00
1,4,30/12/1899 11:36:00,30/12/1899 15:00:00,30/12/1899 17:52:00,30/12/1899 19:06:00,30/12/1899 03:59:00,30/12/1899 05:17:00,30/12/1899 05:41:00
1,5,30/12/1899 11:36:00,30/12/1899 15:00:00,30/12/1899 17:52:00,30/12/1899 19:06:00,30/12/1899 03:59:00,30/12/1899 05:17:00,30/12/1899 05:41:00
1,6,30/12/1899 11:39:00,30/12/1899 15:04:00,30/12/1899 17:55:00,30/12/1899 19:10:00,30/12/1899 04:01:00,30/12/1899 05:20:00,30/12/1899 05:44:00
1,7,30/12/1899 11:39:00,30/12/1899 15:04:00,30/12/1899 17:55:00,30/12/1899 19:10:00,30/12/1899 04:01:00,30/12/1899 05:20:00,30/12/1899 05:44:00
1,8,30/12/1899 11:39:00,30/12/1899 15:04:00,30/12/1899 17:55:00,30/12/1899 19:10:00,30/12/1899 04:01:00,30/12/1899 05:20:00,30/12/1899 05:44:00
1,9,30/12/1899 11:39:00,30/12/1899 15:04:00,30/12/1899 17:55:00,30/12/1899 19:10:00,30/12/1899 04:01:00,30/12/1899 05:20:00,30/12/1899 05:44:00
1,10,30/12/1899 11:39:00,30/12/1899 15:04:00,30/12/1899 17:55:00,30/12/1899 19:10:00,30/12/1899 04:01:00,30/12/1899 05:20:00,30/12/1899 05:44:00
1,11,30/12/1899 11:41:00,30/12/1899 15:05:00,30/12/1899 17:57:00,30/12/1899 19:11:00,30/12/1899 04:04:00,30/12/1899 05:22:00,30/12/1899 05:46:00
1,12,30/12/1899 11:41:00,30/12/1899 15:05:00,30/12/1899 17:57:00,30/12/1899 19:11:00,30/12/1899 04:04:00,30/12/1899 05:22:00,30/12/1899 05:46:00
1,13,30/12/1899 11:41:00,30/12/1899 15:05:00,30/12/1899 17:57:00,30/12/1899 19:11:00,30/12/1899 04:04:00,30/12/1899 05:22:00,30/12/1899 05:46:00
1,14,30/12/1899 11:41:00,30/12/1899 15:05:00,30/12/1899 17:57:00,30/12/1899 19:11:00,30/12/1899 04:04:00,30/12/1899 05:22:00,30/12/1899 05:46:00
1,15,30/12/1899 11:41:00,30/12/1899 15:05:00,30/12/1899 17:57:00,30/12/1899 19:11:00,30/12/1899 04:04:00,30/12/1899 05:22:00,30/12/1899 05:46:00
1,16,30/12/1899 11:43:00,30/12/1899 15:06:00,30/12/1899 17:58:00,30/12/1899 19:11:00,30/12/1899 04:07:00,30/12/1899 05:25:00,30/12/1899 05:48:00
1,17,30/12/1899 11:43:00,30/12/1899 15:06:00,30/12/1899 17:58:00,30/12/1899 19:11:00,30/12/1899 04:07:00,30/12/1899 05:25:00,30/12/1899 05:48:00
1,18,30/12/1899 11:43:00,30/12/1899 15:06:00,30/12/1899 17:58:00,30/12/1899 19:11:00,30/12/1899 04:07:00,30/12/1899 05:25:00,30/12/1899 05:48:00
1,19,30/12/1899 11:43:00,30/12/1899 15:06:00,30/12/1899 17:58:00,30/12/1899 19:11:00,30/12/1899 04:07:00,30/12/1899 05:25:00,30/12/1899 05:48:00
1,20,30/12/1899 11:43:00,30/12/1899 15:06:00,30/12/1899 17:58:00,30/12/1899 19:11:00,30/12/1899 04:07:00,30/12/1899 05:25:00,30/12/1899 05:48:00
1,21,30/12/1899 11:44:00,30/12/1899 15:06:00,30/12/1899 17:59:00,30/12/1899 19:12:00,30/12/1899 04:10:00,30/12/1899 05:27:00,30/12/1899 05:50:00
1,22,30/12/1899 11:44:00,30/12/1899 15:06:00,30/12/1899 17:59:00,30/12/1899 19:12:00,30/12/1899 04:10:00,30/12/1899 05:27:00,30/12/1899 05:50:00
1,23,30/12/1899 11:44:00,30/12/1899 15:06:00,30/12/1899 17:59:00,30/12/1899 19:12:00,30/12/1899 04:10:00,30/12/1899 05:27:00,30/12/1899 05:50:00
1,24,30/12/1899 11:44:00,30/12/1899 15:06:00,30/12/1899 17:59:00,30/12/1899 19:12:00,30/12/1899 04:10:00,30/12/1899 05:27:00,30/12/1899 05:50:00
1,25,30/12/1899 11:44:00,30/12/1899 15:06:00,30/12/1899 17:59:00,30/12/1899 19:12:00,30/12/1899 04:10:00,30/12/1899 05:27:00,30/12/1899 05:50:00
1,26,30/12/1899 11:45:00,30/12/1899 15:05:00,30/12/1899 17:59:00,30/12/1899 19:12:00,30/12/1899 04:12:00,30/12/1899 05:29:00,30/12/1899 05:51:00
1,27,30/12/1899 11:45:00,30/12/1899 15:05:00,30/12/1899 17:59:00,30/12/1899 19:12:00,30/12/1899 04:12:00,30/12/1899 05:29:00,30/12/1899 05:51:00
1,28,30/12/1899 11:45:00,30/12/1899 15:05:00,30/12/1899 17:59:00,30/12/1899 19:12:00,30/12/1899 04:12:00,30/12/1899 05:29:00,30/12/1899 05:51:00
1,29,30/12/1899 11:45:00,30/12/1899 15:05:00,30/12/1899 17:59:00,30/12/1899 19:12:00,30/12/1899 04:12:00,30/12/1899 05:29:00,30/12/1899 05:51:00
1,30,30/12/1899 11:45:00,30/12/1899 15:05:00,30/12/1899 17:59:00,30/12/1899 19:12:00,30/12/1899 04:12:00,30/12/1899 05:29:00,30/12/1899 05:51:00
1,31,30/12/1899 11:45:00,30/12/1899 15:05:00,30/12/1899 17:59:00,30/12/1899 19:12:00,30/12/1899 04:12:00,30/12/1899 05:29:00,30/12/1899 05:51:00
2,1,30/12/1899 11:46:00,30/12/1899 15:04:00,30/12/1899 17:59:00,30/12/1899 19:12:00,30/12/1899 04:16:00,30/12/1899 05:31:00,30/12/1899 05:54:00
2,2,30/12/1899 11:46:00,30/12/1899 15:04:00,30/12/1899 17:59:00,30/12/1899 19:12:00,30/12/1899 04:16:00,30/12/1899 05:31:00,30/12/1899 05:54:00
2,3,30/12/1899 11:46:00,30/12/1899 15:04:00,30/12/1899 17:59:00,30/12/1899 19:12:00,30/12/1899 04:16:00,30/12/1899 05:31:00,30/12/1899 05:54:00
2,4,30/12/1899 11:46:00,30/12/1899 15:04:00,30/12/1899 17:59:00,30/12/1899 19:12:00,30/12/1899 04:16:00,30/12/1899 05:31:00,30/12/1899 05:54:00
2,5,30/12/1899 11:46:00,30/12/1899 15:04:00,30/12/1899 17:59:00,30/12/1899 19:12:00,30/12/1899 04:16:00,30/12/1899 05:31:00,30/12/1899 05:54:00
2,6,30/12/1899 11:46:00,30/12/1899 15:02:00,30/12/1899 17:58:00,30/12/1899 19:08:00,30/12/1899 04:17:00,30/12/1899 05:32:00,30/12/1899 05:55:00
2,7,30/12/1899 11:46:00,30/12/1899 15:02:00,30/12/1899 17:58:00,30/12/1899 19:08:00,30/12/1899 04:17:00,30/12/1899 05:32:00,30/12/1899 05:55:00
2,8,30/12/1899 11:46:00,30/12/1899 15:02:00,30/12/1899 17:58:00,30/12/1899 19:08:00,30/12/1899 04:17:00,30/12/1899 05:32:00,30/12/1899 05:55:00
2,9,30/12/1899 11:46:00,30/12/1899 15:02:00,30/12/1899 17:58:00,30/12/1899 19:08:00,30/12/1899 04:17:00,30/12/1899 05:32:00,30/12/1899 05:55:00
2,10,30/12/1899 11:46:00,30/12/1899 15:02:00,30/12/1899 17:58:00,30/12/1899 19:08:00,30/12/1899 04:17:00,30/12/1899 05:32:00,30/12/1899 05:55:00
2,11,30/12/1899 11:46:00,30/12/1899 15:00:00,30/12/1899 17:57:00,30/12/1899 19:07:00,30/12/1899 04:19:00,30/12/1899 05:33:00,30/12/1899 05:56:00
9,10,30/12/1899 11:31:00,30/12/1899 14:47:00,30/12/1899 17:31:00,30/12/1899 18:39:00,30/12/1899 04:16:00,30/12/1899 05:25:00,30/12/1899 05:52:00
9,11,30/12/1899 11:29:00,30/12/1899 14:45:00,30/12/1899 17:30:00,30/12/1899 18:38:00,30/12/1899 04:13:00,30/12/1899 05:22:00,30/12/1899 05:49:00
9,12,30/12/1899 11:29:00,30/12/1899 14:45:00,30/12/1899 17:30:00,30/12/1899 18:38:00,30/12/1899 04:13:00,30/12/1899 05:22:00,30/12/1899 05:49:00
9,13,30/12/1899 11:29:00,30/12/1899 14:45:00,30/12/1899 17:30:00,30/12/1899 18:38:00,30/12/1899 04:13:00,30/12/1899 05:22:00,30/12/1899 05:49:00
9,14,30/12/1899 11:29:00,30/12/1899 14:45:00,30/12/1899 17:30:00,30/12/1899 18:38:00,30/12/1899 04:13:00,30/12/1899 05:22:00,30/12/1899 05:49:00
9,15,30/12/1899 11:29:00,30/12/1899 14:45:00,30/12/1899 17:30:00,30/12/1899 18:38:00,30/12/1899 04:13:00,30/12/1899 05:22:00,30/12/1899 05:49:00
9,16,30/12/1899 11:27:00,30/12/1899 14:42:00,30/12/1899 17:29:00,30/12/1899 18:38:00,30/12/1899 04:11:00,30/12/1899 05:19:00,30/12/1899 05:45:00
9,17,30/12/1899 11:27:00,30/12/1899 14:42:00,30/12/1899 17:29:00,30/12/1899 18:38:00,30/12/1899 04:11:00,30/12/1899 05:19:00,30/12/1899 05:45:00
9,18,30/12/1899 11:27:00,30/12/1899 14:42:00,30/12/1899 17:29:00,30/12/1899 18:36:00,30/12/1899 04:11:00,30/12/1899 05:19:00,30/12/1899 05:45:00
9,19,30/12/1899 11:27:00,30/12/1899 14:42:00,30/12/1899 17:29:00,30/12/1899 18:36:00,30/12/1899 04:11:00,30/12/1899 05:19:00,30/12/1899 05:45:00
9,20,30/12/1899 11:27:00,30/12/1899 14:42:00,30/12/1899 17:29:00,30/12/1899 18:36:00,30/12/1899 04:11:00,30/12/1899 05:19:00,30/12/1899 05:45:00
9,21,30/12/1899 11:25:00,30/12/1899 14:38:00,30/12/1899 17:28:00,30/12/1899 18:36:00,30/12/1899 04:08:00,30/12/1899 05:16:00,30/12/1899 05:42:00
9,22,30/12/1899 11:25:00,30/12/1899 14:38:00,30/12/1899 17:28:00,30/12/1899 18:36:00,30/12/1899 04:08:00,30/12/1899 05:16:00,30/12/1899 05:42:00
9,23,30/12/1899 11:25:00,30/12/1899 14:38:00,30/12/1899 17:28:00,30/12/1899 18:36:00,30/12/1899 04:08:00,30/12/1899 05:16:00,30/12/1899 05:42:00
9,24,30/12/1899 11:25:00,30/12/1899 14:38:00,30/12/1899 17:28:00,30/12/1899 18:36:00,30/12/1899 04:08:00,30/12/1899 05:16:00,30/12/1899 05:42:00
9,25,30/12/1899 11:25:00,30/12/1899 14:38:00,30/12/1899 17:28:00,30/12/1899 18:36:00,30/12/1899 04:08:00,30/12/1899 05:16:00,30/12/1899 05:42:00
9,26,30/12/1899 11:24:00,30/12/1899 14:31:00,30/12/1899 17:27:00,30/12/1899 18:36:00,30/12/1899 04:04:00,30/12/1899 05:14:00,30/12/1899 05:38:00
9,27,30/12/1899 11:24:00,30/12/1899 14:31:00,30/12/1899 17:27:00,30/12/1899 18:36:00,30/12/1899 04:04:00,30/12/1899 05:14:00,30/12/1899 05:38:00
9,28,30/12/1899 11:24:00,30/12/1899 14:31:00,30/12/1899 17:27:00,30/12/1899 18:36:00,30/12/1899 04:04:00,30/12/1899 05:14:00,30/12/1899 05:38:00
9,29,30/12/1899 11:24:00,30/12/1899 14:31:00,30/12/1899 17:27:00,30/12/1899 18:36:00,30/12/1899 04:04:00,30/12/1899 05:14:00,30/12/1899 05:38:00
9,30,30/12/1899 11:24:00,30/12/1899 14:31:00,30/12/1899 17:27:00,30/12/1899 18:36:00,30/12/1899 04:04:00,30/12/1899 05:14:00,30/12/1899 05:38:00
10,1,30/12/1899 11:22:00,30/12/1899 14:28:00,30/12/1899 17:27:00,30/12/1899 18:36:00,30/12/1899 04:01:00,30/12/1899 05:12:00,30/12/1899 05:38:00
10,2,30/12/1899 11:22:00,30/12/1899 14:28:00,30/12/1899 17:27:00,30/12/1899 18:36:00,30/12/1899 04:01:00,30/12/1899 05:12:00,30/12/1899 05:38:00
10,3,30/12/1899 11:22:00,30/12/1899 14:28:00,30/12/1899 17:27:00,30/12/1899 18:36:00,30/12/1899 04:01:00,30/12/1899 05:12:00,30/12/1899 05:38:00
10,4,30/12/1899 11:22:00,30/12/1899 14:28:00,30/12/1899 17:27:00,30/12/1899 18:36:00,30/12/1899 04:01:00,30/12/1899 05:12:00,30/12/1899 05:38:00
10,5,30/12/1899 11:22:00,30/12/1899 14:28:00,30/12/1899 17:27:00,30/12/1899 18:36:00,30/12/1899 04:01:00,30/12/1899 05:12:00,30/12/1899 05:38:00
10,6,30/12/1899 11:20:00,30/12/1899 14:26:00,30/12/1899 17:26:00,30/12/1899 18:36:00,30/12/1899 03:57:00,30/12/1899 05:09:00,30/12/1899 05:33:00
10,7,30/12/1899 11:20:00,30/12/1899 14:26:00,30/12/1899 17:26:00,30/12/1899 18:36:00,30/12/1899 03:57:00,30/12/1899 05:09:00,30/12/1899 05:33:00
10,8,30/12/1899 11:20:00,30/12/1899 14:26:00,30/12/1899 17:26:00,30/12/1899 18:36:00,30/12/1899 03:57:00,30/12/1899 05:09:00,30/12/1899 05:33:00
10,9,30/12/1899 11:20:00,30/12/1899 14:26:00,30/12/1899 17:26:00,30/12/1899 18:36:00,30/12/1899 03:57:00,30/12/1899 05:09:00,30/12/1899 05:33:00
10,10,30/12/1899 11:20:00,30/12/1899 14:26:00,30/12/1899 17:26:00,30/12/1899 18:36:00,30/12/1899 03:57:00,30/12/1899 05:09:00,30/12/1899 05:33:00
10,11,30/12/1899 11:19:00,30/12/1899 14:22:00,30/12/1899 17:26:00,30/12/1899 18:36:00,30/12/1899 03:55:00,30/12/1899 05:07:00,30/12/1899 05:31:00
10,12,30/12/1899 11:19:00,30/12/1899 14:22:00,30/12/1899 17:26:00,30/12/1899 18:36:00,30/12/1899 03:55:00,30/12/1899 05:07:00,30/12/1899 05:31:00
10,13,30/12/1899 11:19:00,30/12/1899 14:22:00,30/12/1899 17:26:00,30/12/1899 18:36:00,30/12/1899 03:55:00,30/12/1899 05:07:00,30/12/1899 05:31:00
10,14,30/12/1899 11:19:00,30/12/1899 14:22:00,30/12/1899 17:26:00,30/12/1899 18:36:00,30/12/1899 03:55:00,30/12/1899 05:07:00,30/12/1899 05:31:00
10,15,30/12/1899 11:19:00,30/12/1899 14:22:00,30/12/1899 17:26:00,30/12/1899 18:36:00,30/12/1899 03:55:00,30/12/1899 05:07:00,30/12/1899 05:31:00
10,16,30/12/1899 11:18:00,30/12/1899 14:25:00,30/12/1899 17:26:00,30/12/1899 18:36:00,30/12/1899 03:52:00,30/12/1899 05:05:00,30/12/1899 05:28:00
10,17,30/12/1899 11:18:00,30/12/1899 14:25:00,30/12/1899 17:26:00,30/12/1899 18:36:00,30/12/1899 03:52:00,30/12/1899 05:05:00,30/12/1899 05:28:00
10,18,30/12/1899 11:18:00,30/12/1899 14:25:00,30/12/1899 17:26:00,30/12/1899 18:36:00,30/12/1899 03:52:00,30/12/1899 05:05:00,30/12/1899 05:28:00
10,19,30/12/1899 11:18:00,30/12/1899 14:25:00,30/12/1899 17:26:00,30/12/1899 18:36:00,30/12/1899 03:52:00,30/12/1899 05:05:00,30/12/1899 05:28:00
10,20,30/12/1899 11:18:00,30/12/1899 14:25:00,30/12/1899 17:26:00,30/12/1899 18:36:00,30/12/1899 03:52:00,30/12/1899 05:05:00,30/12/1899 05:28:00
10,21,30/12/1899 11:17:00,30/12/1899 14:28:00,30/12/1899 17:26:00,30/12/1899 18:36:00,30/12/1899 03:52:00,30/12/1899 05:03:00,30/12/1899 05:27:00
2,12,30/12/1899 11:46:00,30/12/1899 15:00:00,30/12/1899 17:57:00,30/12/1899 19:07:00,30/12/1899 04:19:00,30/12/1899 05:33:00,30/12/1899 05:56:00
2,13,30/12/1899 11:46:00,30/12/1899 15:00:00,30/12/1899 17:57:00,30/12/1899 19:07:00,30/12/1899 04:19:00,30/12/1899 05:33:00,30/12/1899 05:56:00
2,14,30/12/1899 11:46:00,30/12/1899 15:00:00,30/12/1899 17:57:00,30/12/1899 19:07:00,30/12/1899 04:19:00,30/12/1899 05:33:00,30/12/1899 05:56:00
2,15,30/12/1899 11:46:00,30/12/1899 15:00:00,30/12/1899 17:57:00,30/12/1899 19:07:00,30/12/1899 04:19:00,30/12/1899 05:33:00,30/12/1899 05:56:00
2,16,30/12/1899 11:46:00,30/12/1899 14:58:00,30/12/1899 17:56:00,30/12/1899 19:05:00,30/12/1899 04:21:00,30/12/1899 05:34:00,30/12/1899 05:56:00
2,17,30/12/1899 11:46:00,30/12/1899 14:58:00,30/12/1899 17:56:00,30/12/1899 19:05:00,30/12/1899 04:21:00,30/12/1899 05:34:00,30/12/1899 05:56:00
2,18,30/12/1899 11:46:00,30/12/1899 14:58:00,30/12/1899 17:56:00,30/12/1899 19:05:00,30/12/1899 04:21:00,30/12/1899 05:34:00,30/12/1899 05:56:00
2,19,30/12/1899 11:46:00,30/12/1899 14:58:00,30/12/1899 17:56:00,30/12/1899 19:05:00,30/12/1899 04:21:00,30/12/1899 05:34:00,30/12/1899 05:56:00
2,20,30/12/1899 11:46:00,30/12/1899 14:58:00,30/12/1899 17:56:00,30/12/1899 19:05:00,30/12/1899 04:21:00,30/12/1899 05:34:00,30/12/1899 05:56:00
2,21,30/12/1899 11:46:00,30/12/1899 14:54:00,30/12/1899 17:55:00,30/12/1899 19:04:00,30/12/1899 04:22:00,30/12/1899 05:34:00,30/12/1899 05:56:00
2,22,30/12/1899 11:46:00,30/12/1899 14:54:00,30/12/1899 17:55:00,30/12/1899 19:04:00,30/12/1899 04:22:00,30/12/1899 05:34:00,30/12/1899 05:56:00
2,23,30/12/1899 11:46:00,30/12/1899 14:54:00,30/12/1899 17:55:00,30/12/1899 19:04:00,30/12/1899 04:22:00,30/12/1899 05:34:00,30/12/1899 05:56:00
2,24,30/12/1899 11:46:00,30/12/1899 14:54:00,30/12/1899 17:55:00,30/12/1899 19:04:00,30/12/1899 04:22:00,30/12/1899 05:34:00,30/12/1899 05:56:00
2,25,30/12/1899 11:46:00,30/12/1899 14:54:00,30/12/1899 17:55:00,30/12/1899 19:04:00,30/12/1899 04:22:00,30/12/1899 05:34:00,30/12/1899 05:56:00
2,26,30/12/1899 11:45:00,30/12/1899 14:50:00,30/12/1899 17:53:00,30/12/1899 19:03:00,30/12/1899 04:22:00,30/12/1899 05:34:00,30/12/1899 05:56:00
2,27,30/12/1899 11:45:00,30/12/1899 14:50:00,30/12/1899 17:53:00,30/12/1899 19:03:00,30/12/1899 04:22:00,30/12/1899 05:34:00,30/12/1899 05:56:00
2,28,30/12/1899 11:45:00,30/12/1899 14:50:00,30/12/1899 17:53:00,30/12/1899 19:03:00,30/12/1899 04:22:00,30/12/1899 05:34:00,30/12/1899 05:56:00
3,1,30/12/1899 11:44:00,30/12/1899 14:47:00,30/12/1899 17:51:00,30/12/1899 19:00:00,30/12/1899 04:22:00,30/12/1899 05:34:00,30/12/1899 05:56:00
3,2,30/12/1899 11:44:00,30/12/1899 14:47:00,30/12/1899 17:51:00,30/12/1899 19:00:00,30/12/1899 04:22:00,30/12/1899 05:34:00,30/12/1899 05:56:00
3,3,30/12/1899 11:44:00,30/12/1899 14:47:00,30/12/1899 17:51:00,30/12/1899 19:00:00,30/12/1899 04:22:00,30/12/1899 05:34:00,30/12/1899 05:56:00
3,4,30/12/1899 11:44:00,30/12/1899 14:47:00,30/12/1899 17:51:00,30/12/1899 19:00:00,30/12/1899 04:22:00,30/12/1899 05:34:00,30/12/1899 05:56:00
3,5,30/12/1899 11:44:00,30/12/1899 14:47:00,30/12/1899 17:51:00,30/12/1899 19:00:00,30/12/1899 04:22:00,30/12/1899 05:34:00,30/12/1899 05:56:00
3,6,30/12/1899 11:43:00,30/12/1899 14:49:00,30/12/1899 17:49:00,30/12/1899 18:58:00,30/12/1899 04:22:00,30/12/1899 05:34:00,30/12/1899 05:56:00
3,7,30/12/1899 11:43:00,30/12/1899 14:49:00,30/12/1899 17:49:00,30/12/1899 18:58:00,30/12/1899 04:22:00,30/12/1899 05:34:00,30/12/1899 05:56:00
3,8,30/12/1899 11:43:00,30/12/1899 14:49:00,30/12/1899 17:49:00,30/12/1899 18:58:00,30/12/1899 04:22:00,30/12/1899 05:34:00,30/12/1899 05:56:00
3,9,30/12/1899 11:43:00,30/12/1899 14:49:00,30/12/1899 17:49:00,30/12/1899 18:58:00,30/12/1899 04:22:00,30/12/1899 05:34:00,30/12/1899 05:56:00
3,10,30/12/1899 11:43:00,30/12/1899 14:49:00,30/12/1899 17:49:00,30/12/1899 18:58:00,30/12/1899 04:22:00,30/12/1899 05:34:00,30/12/1899 05:56:00
3,11,30/12/1899 11:42:00,30/12/1899 14:51:00,30/12/1899 17:47:00,30/12/1899 18:55:00,30/12/1899 04:23:00,30/12/1899 05:34:00,30/12/1899 05:56:00
3,12,30/12/1899 11:42:00,30/12/1899 14:51:00,30/12/1899 17:47:00,30/12/1899 18:55:00,30/12/1899 04:23:00,30/12/1899 05:34:00,30/12/1899 05:56:00
3,13,30/12/1899 11:42:00,30/12/1899 14:51:00,30/12/1899 17:47:00,30/12/1899 18:55:00,30/12/1899 04:23:00,30/12/1899 05:34:00,30/12/1899 05:56:00
3,14,30/12/1899 11:42:00,30/12/1899 14:51:00,30/12/1899 17:47:00,30/12/1899 18:55:00,30/12/1899 04:23:00,30/12/1899 05:34:00,30/12/1899 05:56:00
3,15,30/12/1899 11:42:00,30/12/1899 14:51:00,30/12/1899 17:47:00,30/12/1899 18:55:00,30/12/1899 04:23:00,30/12/1899 05:34:00,30/12/1899 05:56:00
3,16,30/12/1899 11:40:00,30/12/1899 14:51:00,30/12/1899 17:44:00,30/12/1899 18:53:00,30/12/1899 04:22:00,30/12/1899 05:33:00,30/12/1899 05:56:00
3,17,30/12/1899 11:40:00,30/12/1899 14:51:00,30/12/1899 17:44:00,30/12/1899 18:53:00,30/12/1899 04:22:00,30/12/1899 05:33:00,30/12/1899 05:56:00
3,18,30/12/1899 11:40:00,30/12/1899 14:51:00,30/12/1899 17:44:00,30/12/1899 18:53:00,30/12/1899 04:22:00,30/12/1899 05:33:00,30/12/1899 05:56:00
3,19,30/12/1899 11:40:00,30/12/1899 14:51:00,30/12/1899 17:44:00,30/12/1899 18:53:00,30/12/1899 04:22:00,30/12/1899 05:33:00,30/12/1899 05:56:00
3,20,30/12/1899 11:40:00,30/12/1899 14:51:00,30/12/1899 17:44:00,30/12/1899 18:53:00,30/12/1899 04:22:00,30/12/1899 05:33:00,30/12/1899 05:56:00
3,21,30/12/1899 11:39:00,30/12/1899 14:52:00,30/12/1899 17:42:00,30/12/1899 18:50:00,30/12/1899 04:22:00,30/12/1899 05:33:00,30/12/1899 05:56:00
3,22,30/12/1899 11:39:00,30/12/1899 14:52:00,30/12/1899 17:42:00,30/12/1899 18:50:00,30/12/1899 04:22:00,30/12/1899 05:33:00,30/12/1899 05:56:00
3,23,30/12/1899 11:39:00,30/12/1899 14:52:00,30/12/1899 17:42:00,30/12/1899 18:50:00,30/12/1899 04:22:00,30/12/1899 05:33:00,30/12/1899 05:56:00
3,24,30/12/1899 11:39:00,30/12/1899 14:52:00,30/12/1899 17:42:00,30/12/1899 18:50:00,30/12/1899 04:22:00,30/12/1899 05:33:00,30/12/1899 05:56:00
3,25,30/12/1899 11:39:00,30/12/1899 14:52:00,30/12/1899 17:42:00,30/12/1899 18:50:00,30/12/1899 04:22:00,30/12/1899 05:33:00,30/12/1899 05:56:00
3,26,30/12/1899 11:37:00,30/12/1899 14:52:00,30/12/1899 17:39:00,30/12/1899 18:48:00,30/12/1899 04:21:00,30/12/1899 05:32:00,30/12/1899 05:56:00
3,27,30/12/1899 11:37:00,30/12/1899 14:52:00,30/12/1899 17:39:00,30/12/1899 18:48:00,30/12/1899 04:21:00,30/12/1899 05:32:00,30/12/1899 05:56:00
3,28,30/12/1899 11:37:00,30/12/1899 14:52:00,30/12/1899 17:39:00,30/12/1899 18:48:00,30/12/1899 04:21:00,30/12/1899 05:32:00,30/12/1899 05:56:00
3,29,30/12/1899 11:37:00,30/12/1899 14:52:00,30/12/1899 17:39:00,30/12/1899 18:48:00,30/12/1899 04:21:00,30/12/1899 05:32:00,30/12/1899 05:56:00
3,30,30/12/1899 11:37:00,30/12/1899 14:52:00,30/12/1899 17:39:00,30/12/1899 18:48:00,30/12/1899 04:21:00,30/12/1899 05:32:00,30/12/1899 05:56:00
3,31,30/12/1899 11:37:00,30/12/1899 14:52:00,30/12/1899 17:39:00,30/12/1899 18:48:00,30/12/1899 04:21:00,30/12/1899 05:32:00,30/12/1899 05:56:00
4,1,30/12/1899 11:37:00,30/12/1899 14:53:00,30/12/1899 17:37:00,30/12/1899 18:45:00,30/12/1899 04:20:00,30/12/1899 05:33:00,30/12/1899 05:57:00
4,2,30/12/1899 11:37:00,30/12/1899 14:53:00,30/12/1899 17:37:00,30/12/1899 18:45:00,30/12/1899 04:20:00,30/12/1899 05:33:00,30/12/1899 05:57:00
4,3,30/12/1899 11:37:00,30/12/1899 14:53:00,30/12/1899 17:37:00,30/12/1899 18:45:00,30/12/1899 04:20:00,30/12/1899 05:33:00,30/12/1899 05:57:00
4,4,30/12/1899 11:37:00,30/12/1899 14:53:00,30/12/1899 17:37:00,30/12/1899 18:45:00,30/12/1899 04:20:00,30/12/1899 05:33:00,30/12/1899 05:57:00
4,5,30/12/1899 11:37:00,30/12/1899 14:53:00,30/12/1899 17:37:00,30/12/1899 18:45:00,30/12/1899 04:20:00,30/12/1899 05:33:00,30/12/1899 05:57:00
4,6,30/12/1899 11:34:00,30/12/1899 14:52:00,30/12/1899 17:34:00,30/12/1899 18:42:00,30/12/1899 04:19:00,30/12/1899 05:31:00,30/12/1899 05:55:00
4,7,30/12/1899 11:34:00,30/12/1899 14:52:00,30/12/1899 17:34:00,30/12/1899 18:42:00,30/12/1899 04:19:00,30/12/1899 05:31:00,30/12/1899 05:55:00
4,8,30/12/1899 11:34:00,30/12/1899 14:52:00,30/12/1899 17:34:00,30/12/1899 18:42:00,30/12/1899 04:19:00,30/12/1899 05:31:00,30/12/1899 05:55:00
4,9,30/12/1899 11:34:00,30/12/1899 14:52:00,30/12/1899 17:34:00,30/12/1899 18:42:00,30/12/1899 04:19:00,30/12/1899 05:31:00,30/12/1899 05:55:00
4,10,30/12/1899 11:34:00,30/12/1899 14:52:00,30/12/1899 17:34:00,30/12/1899 18:42:00,30/12/1899 04:19:00,30/12/1899 05:31:00,30/12/1899 05:55:00
4,11,30/12/1899 11:33:00,30/12/1899 14:51:00,30/12/1899 17:32:00,30/12/1899 18:41:00,30/12/1899 04:19:00,30/12/1899 05:31:00,30/12/1899 05:55:00
4,12,30/12/1899 11:33:00,30/12/1899 14:51:00,30/12/1899 17:32:00,30/12/1899 18:41:00,30/12/1899 04:19:00,30/12/1899 05:31:00,30/12/1899 05:55:00
4,13,30/12/1899 11:33:00,30/12/1899 14:51:00,30/12/1899 17:32:00,30/12/1899 18:41:00,30/12/1899 04:19:00,30/12/1899 05:31:00,30/12/1899 05:55:00
4,14,30/12/1899 11:33:00,30/12/1899 14:51:00,30/12/1899 17:32:00,30/12/1899 18:41:00,30/12/1899 04:19:00,30/12/1899 05:31:00,30/12/1899 05:55:00
4,15,30/12/1899 11:33:00,30/12/1899 14:51:00,30/12/1899 17:32:00,30/12/1899 18:41:00,30/12/1899 04:19:00,30/12/1899 05:31:00,30/12/1899 05:55:00
4,16,30/12/1899 11:32:00,30/12/1899 14:51:00,30/12/1899 17:30:00,30/12/1899 18:39:00,30/12/1899 04:18:00,30/12/1899 05:31:00,30/12/1899 05:55:00
4,17,30/12/1899 11:32:00,30/12/1899 14:51:00,30/12/1899 17:30:00,30/12/1899 18:39:00,30/12/1899 04:18:00,30/12/1899 05:31:00,30/12/1899 05:55:00
4,18,30/12/1899 11:32:00,30/12/1899 14:51:00,30/12/1899 17:30:00,30/12/1899 18:39:00,30/12/1899 04:18:00,30/12/1899 05:31:00,30/12/1899 05:55:00
4,19,30/12/1899 11:32:00,30/12/1899 14:51:00,30/12/1899 17:30:00,30/12/1899 18:39:00,30/12/1899 04:18:00,30/12/1899 05:31:00,30/12/1899 05:55:00
4,20,30/12/1899 11:32:00,30/12/1899 14:51:00,30/12/1899 17:30:00,30/12/1899 18:39:00,30/12/1899 04:18:00,30/12/1899 05:31:00,30/12/1899 05:55:00
4,21,30/12/1899 11:30:00,30/12/1899 14:50:00,30/12/1899 17:27:00,30/12/1899 18:36:00,30/12/1899 04:17:00,30/12/1899 05:30:00,30/12/1899 05:54:00
4,22,30/12/1899 11:30:00,30/12/1899 14:50:00,30/12/1899 17:27:00,30/12/1899 18:36:00,30/12/1899 04:17:00,30/12/1899 05:30:00,30/12/1899 05:54:00
4,23,30/12/1899 11:30:00,30/12/1899 14:50:00,30/12/1899 17:27:00,30/12/1899 18:36:00,30/12/1899 04:17:00,30/12/1899 05:30:00,30/12/1899 05:54:00
4,24,30/12/1899 11:30:00,30/12/1899 14:50:00,30/12/1899 17:27:00,30/12/1899 18:36:00,30/12/1899 04:17:00,30/12/1899 05:30:00,30/12/1899 05:54:00
4,25,30/12/1899 11:30:00,30/12/1899 14:50:00,30/12/1899 17:27:00,30/12/1899 18:36:00,30/12/1899 04:17:00,30/12/1899 05:30:00,30/12/1899 05:54:00
4,26,30/12/1899 11:29:00,30/12/1899 14:49:00,30/12/1899 17:25:00,30/12/1899 18:35:00,30/12/1899 04:16:00,30/12/1899 05:30:00,30/12/1899 05:54:00
4,27,30/12/1899 11:29:00,30/12/1899 14:49:00,30/12/1899 17:25:00,30/12/1899 18:35:00,30/12/1899 04:16:00,30/12/1899 05:30:00,30/12/1899 05:54:00
4,28,30/12/1899 11:29:00,30/12/1899 14:49:00,30/12/1899 17:25:00,30/12/1899 18:35:00,30/12/1899 04:16:00,30/12/1899 05:30:00,30/12/1899 05:54:00
4,29,30/12/1899 11:29:00,30/12/1899 14:49:00,30/12/1899 17:25:00,30/12/1899 18:35:00,30/12/1899 04:16:00,30/12/1899 05:30:00,30/12/1899 05:54:00
4,30,30/12/1899 11:29:00,30/12/1899 14:49:00,30/12/1899 17:25:00,30/12/1899 18:35:00,30/12/1899 04:16:00,30/12/1899 05:30:00,30/12/1899 05:54:00
5,1,30/12/1899 11:29:00,30/12/1899 14:49:00,30/12/1899 17:25:00,30/12/1899 18:35:00,30/12/1899 04:16:00,30/12/1899 05:30:00,30/12/1899 05:55:00
5,2,30/12/1899 11:29:00,30/12/1899 14:49:00,30/12/1899 17:25:00,30/12/1899 18:35:00,30/12/1899 04:16:00,30/12/1899 05:31:00,30/12/1899 05:55:00
5,3,30/12/1899 11:29:00,30/12/1899 14:49:00,30/12/1899 17:25:00,30/12/1899 18:35:00,30/12/1899 04:16:00,30/12/1899 05:31:00,30/12/1899 05:55:00
5,4,30/12/1899 11:29:00,30/12/1899 14:49:00,30/12/1899 17:25:00,30/12/1899 18:35:00,30/12/1899 04:16:00,30/12/1899 05:31:00,30/12/1899 05:55:00
5,5,30/12/1899 11:29:00,30/12/1899 14:49:00,30/12/1899 17:25:00,30/12/1899 18:35:00,30/12/1899 04:16:00,30/12/1899 05:31:00,30/12/1899 05:55:00
5,6,30/12/1899 11:29:00,30/12/1899 14:49:00,30/12/1899 17:24:00,30/12/1899 18:34:00,30/12/1899 04:16:00,30/12/1899 05:31:00,30/12/1899 05:55:00
5,7,30/12/1899 11:29:00,30/12/1899 14:49:00,30/12/1899 17:24:00,30/12/1899 18:34:00,30/12/1899 04:16:00,30/12/1899 05:31:00,30/12/1899 05:55:00
5,8,30/12/1899 11:29:00,30/12/1899 14:49:00,30/12/1899 17:24:00,30/12/1899 18:34:00,30/12/1899 04:16:00,30/12/1899 05:31:00,30/12/1899 05:55:00
5,9,30/12/1899 11:29:00,30/12/1899 14:49:00,30/12/1899 17:24:00,30/12/1899 18:34:00,30/12/1899 04:16:00,30/12/1899 05:31:00,30/12/1899 05:55:00
5,10,30/12/1899 11:29:00,30/12/1899 14:49:00,30/12/1899 17:24:00,30/12/1899 18:34:00,30/12/1899 04:16:00,30/12/1899 05:31:00,30/12/1899 05:55:00
5,11,30/12/1899 11:28:00,30/12/1899 14:48:00,30/12/1899 17:22:00,30/12/1899 18:34:00,30/12/1899 04:16:00,30/12/1899 05:31:00,30/12/1899 05:56:00
5,12,30/12/1899 11:28:00,30/12/1899 14:48:00,30/12/1899 17:21:00,30/12/1899 18:34:00,30/12/1899 04:16:00,30/12/1899 05:31:00,30/12/1899 05:56:00
5,13,30/12/1899 11:28:00,30/12/1899 14:48:00,30/12/1899 17:21:00,30/12/1899 18:34:00,30/12/1899 04:16:00,30/12/1899 05:31:00,30/12/1899 05:56:00
5,14,30/12/1899 11:28:00,30/12/1899 14:48:00,30/12/1899 17:21:00,30/12/1899 18:34:00,30/12/1899 04:16:00,30/12/1899 05:31:00,30/12/1899 05:56:00
5,15,30/12/1899 11:28:00,30/12/1899 14:48:00,30/12/1899 17:21:00,30/12/1899 18:34:00,30/12/1899 04:16:00,30/12/1899 05:31:00,30/12/1899 05:56:00
5,16,30/12/1899 11:29:00,30/12/1899 14:49:00,30/12/1899 17:21:00,30/12/1899 18:34:00,30/12/1899 04:16:00,30/12/1899 05:32:00,30/12/1899 05:58:00
5,17,30/12/1899 11:29:00,30/12/1899 14:49:00,30/12/1899 17:21:00,30/12/1899 18:34:00,30/12/1899 04:16:00,30/12/1899 05:32:00,30/12/1899 05:58:00
5,18,30/12/1899 11:29:00,30/12/1899 14:49:00,30/12/1899 17:21:00,30/12/1899 18:34:00,30/12/1899 04:16:00,30/12/1899 05:32:00,30/12/1899 05:58:00
5,19,30/12/1899 11:29:00,30/12/1899 14:49:00,30/12/1899 17:21:00,30/12/1899 18:34:00,30/12/1899 04:16:00,30/12/1899 05:32:00,30/12/1899 05:58:00
5,20,30/12/1899 11:29:00,30/12/1899 14:49:00,30/12/1899 17:21:00,30/12/1899 18:34:00,30/12/1899 04:16:00,30/12/1899 05:32:00,30/12/1899 05:58:00
5,21,30/12/1899 11:29:00,30/12/1899 14:49:00,30/12/1899 17:21:00,30/12/1899 18:34:00,30/12/1899 04:17:00,30/12/1899 05:33:00,30/12/1899 05:58:00
5,22,30/12/1899 11:29:00,30/12/1899 14:49:00,30/12/1899 17:21:00,30/12/1899 18:34:00,30/12/1899 04:17:00,30/12/1899 05:33:00,30/12/1899 05:58:00
5,23,30/12/1899 11:29:00,30/12/1899 14:49:00,30/12/1899 17:21:00,30/12/1899 18:34:00,30/12/1899 04:17:00,30/12/1899 05:33:00,30/12/1899 05:58:00
5,24,30/12/1899 11:29:00,30/12/1899 14:49:00,30/12/1899 17:21:00,30/12/1899 18:34:00,30/12/1899 04:17:00,30/12/1899 05:33:00,30/12/1899 05:58:00
5,25,30/12/1899 11:29:00,30/12/1899 14:49:00,30/12/1899 17:21:00,30/12/1899 18:34:00,30/12/1899 04:17:00,30/12/1899 05:33:00,30/12/1899 05:58:00
5,26,30/12/1899 11:30:00,30/12/1899 14:50:00,30/12/1899 17:21:00,30/12/1899 18:34:00,30/12/1899 04:18:00,30/12/1899 05:34:00,30/12/1899 06:00:00
5,27,30/12/1899 11:30:00,30/12/1899 14:50:00,30/12/1899 17:21:00,30/12/1899 18:34:00,30/12/1899 04:18:00,30/12/1899 05:34:00,30/12/1899 06:00:00
5,28,30/12/1899 11:30:00,30/12/1899 14:50:00,30/12/1899 17:21:00,30/12/1899 18:34:00,30/12/1899 04:18:00,30/12/1899 05:34:00,30/12/1899 06:00:00
5,29,30/12/1899 11:30:00,30/12/1899 14:50:00,30/12/1899 17:21:00,30/12/1899 18:34:00,30/12/1899 04:18:00,30/12/1899 05:34:00,30/12/1899 06:00:00
5,30,30/12/1899 11:30:00,30/12/1899 14:50:00,30/12/1899 17:21:00,30/12/1899 18:34:00,30/12/1899 04:18:00,30/12/1899 05:34:00,30/12/1899 06:00:00
5,31,30/12/1899 11:30:00,30/12/1899 14:50:00,30/12/1899 17:21:00,30/12/1899 18:34:00,30/12/1899 04:18:00,30/12/1899 05:34:00,30/12/1899 06:00:00
6,1,30/12/1899 11:30:00,30/12/1899 14:50:00,30/12/1899 17:21:00,30/12/1899 18:35:00,30/12/1899 04:18:00,30/12/1899 05:35:00,30/12/1899 06:00:00
6,2,30/12/1899 11:30:00,30/12/1899 14:50:00,30/12/1899 17:21:00,30/12/1899 18:35:00,30/12/1899 04:18:00,30/12/1899 05:35:00,30/12/1899 06:00:00
6,3,30/12/1899 11:30:00,30/12/1899 14:50:00,30/12/1899 17:21:00,30/12/1899 18:35:00,30/12/1899 04:18:00,30/12/1899 05:35:00,30/12/1899 06:00:00
6,4,30/12/1899 11:30:00,30/12/1899 14:50:00,30/12/1899 17:21:00,30/12/1899 18:35:00,30/12/1899 04:18:00,30/12/1899 05:35:00,30/12/1899 06:00:00
6,5,30/12/1899 11:30:00,30/12/1899 14:50:00,30/12/1899 17:21:00,30/12/1899 18:35:00,30/12/1899 04:18:00,30/12/1899 05:35:00,30/12/1899 06:00:00
6,6,30/12/1899 11:31:00,30/12/1899 14:51:00,30/12/1899 17:21:00,30/12/1899 18:36:00,30/12/1899 04:20:00,30/12/1899 05:37:00,30/12/1899 06:01:00
6,7,30/12/1899 11:31:00,30/12/1899 14:51:00,30/12/1899 17:21:00,30/12/1899 18:36:00,30/12/1899 04:20:00,30/12/1899 05:37:00,30/12/1899 06:01:00
6,8,30/12/1899 11:31:00,30/12/1899 14:51:00,30/12/1899 17:21:00,30/12/1899 18:36:00,30/12/1899 04:20:00,30/12/1899 05:37:00,30/12/1899 06:01:00
6,9,30/12/1899 11:31:00,30/12/1899 14:51:00,30/12/1899 17:21:00,30/12/1899 18:36:00,30/12/1899 04:20:00,30/12/1899 05:37:00,30/12/1899 06:01:00
6,10,30/12/1899 11:31:00,30/12/1899 14:51:00,30/12/1899 17:21:00,30/12/1899 18:36:00,30/12/1899 04:20:00,30/12/1899 05:37:00,30/12/1899 06:01:00
6,11,30/12/1899 11:32:00,30/12/1899 14:52:00,30/12/1899 17:22:00,30/12/1899 18:37:00,30/12/1899 04:21:00,30/12/1899 05:38:00,30/12/1899 06:03:00
6,12,30/12/1899 11:32:00,30/12/1899 14:52:00,30/12/1899 17:22:00,30/12/1899 18:37:00,30/12/1899 04:21:00,30/12/1899 05:38:00,30/12/1899 06:03:00
6,13,30/12/1899 11:32:00,30/12/1899 14:52:00,30/12/1899 17:22:00,30/12/1899 18:37:00,30/12/1899 04:21:00,30/12/1899 05:38:00,30/12/1899 06:03:00
6,14,30/12/1899 11:32:00,30/12/1899 14:52:00,30/12/1899 17:22:00,30/12/1899 18:37:00,30/12/1899 04:21:00,30/12/1899 05:38:00,30/12/1899 06:03:00
6,15,30/12/1899 11:32:00,30/12/1899 14:52:00,30/12/1899 17:22:00,30/12/1899 18:37:00,30/12/1899 04:21:00,30/12/1899 05:38:00,30/12/1899 06:03:00
6,16,30/12/1899 11:33:00,30/12/1899 14:53:00,30/12/1899 17:23:00,30/12/1899 18:38:00,30/12/1899 04:22:00,30/12/1899 05:39:00,30/12/1899 06:05:00
6,17,30/12/1899 11:33:00,30/12/1899 14:53:00,30/12/1899 17:23:00,30/12/1899 18:38:00,30/12/1899 04:22:00,30/12/1899 05:39:00,30/12/1899 06:05:00
6,18,30/12/1899 11:33:00,30/12/1899 14:53:00,30/12/1899 17:23:00,30/12/1899 18:38:00,30/12/1899 04:22:00,30/12/1899 05:39:00,30/12/1899 06:05:00
6,19,30/12/1899 11:33:00,30/12/1899 14:53:00,30/12/1899 17:23:00,30/12/1899 18:38:00,30/12/1899 04:22:00,30/12/1899 05:39:00,30/12/1899 06:05:00
6,20,30/12/1899 11:33:00,30/12/1899 14:53:00,30/12/1899 17:23:00,30/12/1899 18:38:00,30/12/1899 04:22:00,30/12/1899 05:39:00,30/12/1899 06:05:00
6,21,30/12/1899 11:34:00,30/12/1899 14:54:00,30/12/1899 17:24:00,30/12/1899 18:39:00,30/12/1899 04:23:00,30/12/1899 05:40:00,30/12/1899 06:05:00
6,22,30/12/1899 11:34:00,30/12/1899 14:54:00,30/12/1899 17:24:00,30/12/1899 18:39:00,30/12/1899 04:23:00,30/12/1899 05:40:00,30/12/1899 06:05:00
6,23,30/12/1899 11:34:00,30/12/1899 14:54:00,30/12/1899 17:24:00,30/12/1899 18:39:00,30/12/1899 04:23:00,30/12/1899 05:40:00,30/12/1899 06:05:00
6,24,30/12/1899 11:34:00,30/12/1899 14:54:00,30/12/1899 17:24:00,30/12/1899 18:39:00,30/12/1899 04:23:00,30/12/1899 05:40:00,30/12/1899 06:05:00
6,25,30/12/1899 11:34:00,30/12/1899 14:54:00,30/12/1899 17:24:00,30/12/1899 18:39:00,30/12/1899 04:23:00,30/12/1899 05:40:00,30/12/1899 06:05:00
6,26,30/12/1899 11:35:00,30/12/1899 14:54:00,30/12/1899 17:25:00,30/12/1899 18:40:00,30/12/1899 04:24:00,30/12/1899 05:41:00,30/12/1899 06:00:00
6,27,30/12/1899 11:35:00,30/12/1899 14:54:00,30/12/1899 17:25:00,30/12/1899 18:40:00,30/12/1899 04:24:00,30/12/1899 05:41:00,30/12/1899 06:00:00
6,28,30/12/1899 11:35:00,30/12/1899 14:54:00,30/12/1899 17:25:00,30/12/1899 18:40:00,30/12/1899 04:24:00,30/12/1899 05:41:00,30/12/1899 06:00:00
6,29,30/12/1899 11:35:00,30/12/1899 14:54:00,30/12/1899 17:25:00,30/12/1899 18:40:00,30/12/1899 04:24:00,30/12/1899 05:41:00,30/12/1899 06:00:00
6,30,30/12/1899 11:35:00,30/12/1899 14:54:00,30/12/1899 17:25:00,30/12/1899 18:40:00,30/12/1899 04:24:00,30/12/1899 05:41:00,30/12/1899 06:00:00
7,1,30/12/1899 11:36:00,30/12/1899 14:58:00,30/12/1899 17:26:00,30/12/1899 18:40:00,30/12/1899 04:25:00,30/12/1899 05:42:00,30/12/1899 06:06:00
7,2,30/12/1899 11:36:00,30/12/1899 14:58:00,30/12/1899 17:26:00,30/12/1899 18:40:00,30/12/1899 04:25:00,30/12/1899 05:42:00,30/12/1899 06:06:00
7,3,30/12/1899 11:36:00,30/12/1899 14:58:00,30/12/1899 17:26:00,30/12/1899 18:40:00,30/12/1899 04:25:00,30/12/1899 05:42:00,30/12/1899 06:06:00
7,4,30/12/1899 11:36:00,30/12/1899 14:58:00,30/12/1899 17:26:00,30/12/1899 18:40:00,30/12/1899 04:25:00,30/12/1899 05:42:00,30/12/1899 06:06:00
7,5,30/12/1899 11:36:00,30/12/1899 14:58:00,30/12/1899 17:26:00,30/12/1899 18:40:00,30/12/1899 04:25:00,30/12/1899 05:42:00,30/12/1899 06:06:00
7,6,30/12/1899 11:37:00,30/12/1899 14:58:00,30/12/1899 17:28:00,30/12/1899 18:41:00,30/12/1899 04:26:00,30/12/1899 05:43:00,30/12/1899 06:07:00
7,7,30/12/1899 11:37:00,30/12/1899 14:58:00,30/12/1899 17:28:00,30/12/1899 18:41:00,30/12/1899 04:26:00,30/12/1899 05:43:00,30/12/1899 06:07:00
7,8,30/12/1899 11:37:00,30/12/1899 14:58:00,30/12/1899 17:28:00,30/12/1899 18:41:00,30/12/1899 04:26:00,30/12/1899 05:43:00,30/12/1899 06:07:00
7,9,30/12/1899 11:37:00,30/12/1899 14:58:00,30/12/1899 17:28:00,30/12/1899 18:41:00,30/12/1899 04:26:00,30/12/1899 05:43:00,30/12/1899 06:07:00
7,10,30/12/1899 11:37:00,30/12/1899 14:58:00,30/12/1899 17:28:00,30/12/1899 18:41:00,30/12/1899 04:26:00,30/12/1899 05:43:00,30/12/1899 06:07:00
7,11,30/12/1899 11:38:00,30/12/1899 14:58:00,30/12/1899 17:29:00,30/12/1899 18:42:00,30/12/1899 04:26:00,30/12/1899 05:43:00,30/12/1899 06:08:00
7,12,30/12/1899 11:38:00,30/12/1899 14:58:00,30/12/1899 17:29:00,30/12/1899 18:42:00,30/12/1899 04:26:00,30/12/1899 05:43:00,30/12/1899 06:08:00
7,13,30/12/1899 11:38:00,30/12/1899 14:58:00,30/12/1899 17:29:00,30/12/1899 18:42:00,30/12/1899 04:26:00,30/12/1899 05:43:00,30/12/1899 06:08:00
7,14,30/12/1899 11:38:00,30/12/1899 14:58:00,30/12/1899 17:29:00,30/12/1899 18:42:00,30/12/1899 04:26:00,30/12/1899 05:43:00,30/12/1899 06:08:00
7,15,30/12/1899 11:38:00,30/12/1899 14:58:00,30/12/1899 17:29:00,30/12/1899 18:42:00,30/12/1899 04:26:00,30/12/1899 05:43:00,30/12/1899 06:08:00
7,16,30/12/1899 11:38:00,30/12/1899 14:58:00,30/12/1899 17:30:00,30/12/1899 18:42:00,30/12/1899 04:26:00,30/12/1899 05:43:00,30/12/1899 06:07:00
7,17,30/12/1899 11:38:00,30/12/1899 14:58:00,30/12/1899 17:30:00,30/12/1899 18:42:00,30/12/1899 04:26:00,30/12/1899 05:43:00,30/12/1899 06:07:00
7,18,30/12/1899 11:38:00,30/12/1899 14:58:00,30/12/1899 17:30:00,30/12/1899 18:42:00,30/12/1899 04:26:00,30/12/1899 05:43:00,30/12/1899 06:07:00
7,19,30/12/1899 11:38:00,30/12/1899 14:58:00,30/12/1899 17:30:00,30/12/1899 18:42:00,30/12/1899 04:26:00,30/12/1899 05:43:00,30/12/1899 06:07:00
7,20,30/12/1899 11:38:00,30/12/1899 14:58:00,30/12/1899 17:30:00,30/12/1899 18:42:00,30/12/1899 04:26:00,30/12/1899 05:43:00,30/12/1899 06:07:00
7,21,30/12/1899 11:38:00,30/12/1899 14:58:00,30/12/1899 17:31:00,30/12/1899 18:43:00,30/12/1899 04:26:00,30/12/1899 05:42:00,30/12/1899 06:07:00
7,22,30/12/1899 11:38:00,30/12/1899 14:58:00,30/12/1899 17:31:00,30/12/1899 18:43:00,30/12/1899 04:26:00,30/12/1899 05:42:00,30/12/1899 06:07:00
7,23,30/12/1899 11:38:00,30/12/1899 14:58:00,30/12/1899 17:31:00,30/12/1899 18:43:00,30/12/1899 04:26:00,30/12/1899 05:42:00,30/12/1899 06:07:00
7,24,30/12/1899 11:38:00,30/12/1899 14:58:00,30/12/1899 17:31:00,30/12/1899 18:43:00,30/12/1899 04:26:00,30/12/1899 05:42:00,30/12/1899 06:07:00
7,25,30/12/1899 11:38:00,30/12/1899 14:58:00,30/12/1899 17:31:00,30/12/1899 18:43:00,30/12/1899 04:26:00,30/12/1899 05:42:00,30/12/1899 06:07:00
7,26,30/12/1899 11:38:00,30/12/1899 14:58:00,30/12/1899 17:31:00,30/12/1899 18:43:00,30/12/1899 04:26:00,30/12/1899 05:42:00,30/12/1899 06:06:00
7,27,30/12/1899 11:38:00,30/12/1899 14:58:00,30/12/1899 17:31:00,30/12/1899 18:43:00,30/12/1899 04:26:00,30/12/1899 05:42:00,30/12/1899 06:06:00
7,28,30/12/1899 11:39:00,30/12/1899 14:53:00,30/12/1899 17:31:00,30/12/1899 18:43:00,30/12/1899 04:26:00,30/12/1899 05:42:00,30/12/1899 06:06:00
7,29,30/12/1899 11:39:00,30/12/1899 14:53:00,30/12/1899 17:31:00,30/12/1899 18:43:00,30/12/1899 04:26:00,30/12/1899 05:42:00,30/12/1899 06:06:00
10,22,30/12/1899 11:17:00,30/12/1899 14:28:00,30/12/1899 17:26:00,30/12/1899 18:36:00,30/12/1899 03:52:00,30/12/1899 05:03:00,30/12/1899 05:27:00
10,23,30/12/1899 11:17:00,30/12/1899 14:28:00,30/12/1899 17:26:00,30/12/1899 18:36:00,30/12/1899 03:52:00,30/12/1899 05:03:00,30/12/1899 05:27:00
10,24,30/12/1899 11:17:00,30/12/1899 14:28:00,30/12/1899 17:26:00,30/12/1899 18:36:00,30/12/1899 03:52:00,30/12/1899 05:03:00,30/12/1899 05:27:00
10,25,30/12/1899 11:17:00,30/12/1899 14:28:00,30/12/1899 17:26:00,30/12/1899 18:36:00,30/12/1899 03:52:00,30/12/1899 05:03:00,30/12/1899 05:27:00
10,26,30/12/1899 11:16:00,30/12/1899 14:31:00,30/12/1899 17:27:00,30/12/1899 18:38:00,30/12/1899 03:47:00,30/12/1899 05:02:00,30/12/1899 05:26:00
10,27,30/12/1899 11:16:00,30/12/1899 14:31:00,30/12/1899 17:27:00,30/12/1899 18:38:00,30/12/1899 03:47:00,30/12/1899 05:02:00,30/12/1899 05:26:00
10,28,30/12/1899 11:16:00,30/12/1899 14:31:00,30/12/1899 17:27:00,30/12/1899 18:38:00,30/12/1899 03:47:00,30/12/1899 05:02:00,30/12/1899 05:26:00
10,29,30/12/1899 11:16:00,30/12/1899 14:31:00,30/12/1899 17:27:00,30/12/1899 18:38:00,30/12/1899 03:47:00,30/12/1899 05:02:00,30/12/1899 05:26:00
10,30,30/12/1899 11:16:00,30/12/1899 14:31:00,30/12/1899 17:27:00,30/12/1899 18:38:00,30/12/1899 03:47:00,30/12/1899 05:02:00,30/12/1899 05:26:00
10,31,30/12/1899 11:16:00,30/12/1899 14:31:00,30/12/1899 17:27:00,30/12/1899 18:38:00,30/12/1899 03:47:00,30/12/1899 05:02:00,30/12/1899 05:26:00
11,1,30/12/1899 11:16:00,30/12/1899 14:34:00,30/12/1899 17:28:00,30/12/1899 18:40:00,30/12/1899 03:47:00,30/12/1899 05:01:00,30/12/1899 05:25:00
11,2,30/12/1899 11:16:00,30/12/1899 14:34:00,30/12/1899 17:28:00,30/12/1899 18:40:00,30/12/1899 03:47:00,30/12/1899 05:01:00,30/12/1899 05:25:00
11,3,30/12/1899 11:16:00,30/12/1899 14:34:00,30/12/1899 17:28:00,30/12/1899 18:40:00,30/12/1899 03:47:00,30/12/1899 05:01:00,30/12/1899 05:25:00
11,4,30/12/1899 11:16:00,30/12/1899 14:34:00,30/12/1899 17:28:00,30/12/1899 18:40:00,30/12/1899 03:47:00,30/12/1899 05:01:00,30/12/1899 05:25:00
11,5,30/12/1899 11:16:00,30/12/1899 14:34:00,30/12/1899 17:28:00,30/12/1899 18:40:00,30/12/1899 03:47:00,30/12/1899 05:01:00,30/12/1899 05:25:00
11,6,30/12/1899 11:17:00,30/12/1899 14:35:00,30/12/1899 17:30:00,30/12/1899 18:43:00,30/12/1899 03:46:00,30/12/1899 05:01:00,30/12/1899 05:24:00
11,7,30/12/1899 11:17:00,30/12/1899 14:35:00,30/12/1899 17:30:00,30/12/1899 18:43:00,30/12/1899 03:46:00,30/12/1899 05:01:00,30/12/1899 05:24:00
11,8,30/12/1899 11:17:00,30/12/1899 14:35:00,30/12/1899 17:30:00,30/12/1899 18:43:00,30/12/1899 03:46:00,30/12/1899 05:01:00,30/12/1899 05:24:00
11,9,30/12/1899 11:17:00,30/12/1899 14:35:00,30/12/1899 17:30:00,30/12/1899 18:43:00,30/12/1899 03:46:00,30/12/1899 05:01:00,30/12/1899 05:24:00
11,10,30/12/1899 11:17:00,30/12/1899 14:35:00,30/12/1899 17:30:00,30/12/1899 18:43:00,30/12/1899 03:46:00,30/12/1899 05:01:00,30/12/1899 05:24:00
11,11,30/12/1899 11:17:00,30/12/1899 14:37:00,30/12/1899 17:31:00,30/12/1899 18:44:00,30/12/1899 03:45:00,30/12/1899 05:01:00,30/12/1899 05:24:00
11,12,30/12/1899 11:17:00,30/12/1899 14:37:00,30/12/1899 17:31:00,30/12/1899 18:44:00,30/12/1899 03:45:00,30/12/1899 05:01:00,30/12/1899 05:24:00
11,13,30/12/1899 11:17:00,30/12/1899 14:37:00,30/12/1899 17:31:00,30/12/1899 18:44:00,30/12/1899 03:45:00,30/12/1899 05:01:00,30/12/1899 05:24:00
11,14,30/12/1899 11:17:00,30/12/1899 14:37:00,30/12/1899 17:31:00,30/12/1899 18:44:00,30/12/1899 03:45:00,30/12/1899 05:01:00,30/12/1899 05:24:00
11,15,30/12/1899 11:17:00,30/12/1899 14:37:00,30/12/1899 17:31:00,30/12/1899 18:44:00,30/12/1899 03:45:00,30/12/1899 05:01:00,30/12/1899 05:24:00
11,16,30/12/1899 11:18:00,30/12/1899 14:40:00,30/12/1899 17:33:00,30/12/1899 18:46:00,30/12/1899 03:44:00,30/12/1899 05:01:00,30/12/1899 05:24:00
11,17,30/12/1899 11:18:00,30/12/1899 14:40:00,30/12/1899 17:33:00,30/12/1899 18:46:00,30/12/1899 03:44:00,30/12/1899 05:01:00,30/12/1899 05:24:00
11,18,30/12/1899 11:18:00,30/12/1899 14:40:00,30/12/1899 17:33:00,30/12/1899 18:46:00,30/12/1899 03:44:00,30/12/1899 05:01:00,30/12/1899 05:24:00
11,19,30/12/1899 11:18:00,30/12/1899 14:40:00,30/12/1899 17:33:00,30/12/1899 18:46:00,30/12/1899 03:44:00,30/12/1899 05:01:00,30/12/1899 05:24:00
11,20,30/12/1899 11:18:00,30/12/1899 14:40:00,30/12/1899 17:33:00,30/12/1899 18:46:00,30/12/1899 03:44:00,30/12/1899 05:01:00,30/12/1899 05:24:00
11,21,30/12/1899 11:20:00,30/12/1899 14:43:00,30/12/1899 17:35:00,30/12/1899 18:49:00,30/12/1899 03:44:00,30/12/1899 05:01:00,30/12/1899 05:25:00
11,22,30/12/1899 11:20:00,30/12/1899 14:43:00,30/12/1899 17:35:00,30/12/1899 18:49:00,30/12/1899 03:44:00,30/12/1899 05:01:00,30/12/1899 05:25:00
11,23,30/12/1899 11:20:00,30/12/1899 14:43:00,30/12/1899 17:35:00,30/12/1899 18:49:00,30/12/1899 03:44:00,30/12/1899 05:01:00,30/12/1899 05:25:00
11,24,30/12/1899 11:20:00,30/12/1899 14:43:00,30/12/1899 17:35:00,30/12/1899 18:49:00,30/12/1899 03:44:00,30/12/1899 05:01:00,30/12/1899 05:25:00
11,25,30/12/1899 11:20:00,30/12/1899 14:43:00,30/12/1899 17:35:00,30/12/1899 18:49:00,30/12/1899 03:44:00,30/12/1899 05:01:00,30/12/1899 05:25:00
11,26,30/12/1899 11:21:00,30/12/1899 14:45:00,30/12/1899 17:37:00,30/12/1899 18:51:00,30/12/1899 03:44:00,30/12/1899 05:02:00,30/12/1899 05:26:00
11,27,30/12/1899 11:21:00,30/12/1899 14:45:00,30/12/1899 17:37:00,30/12/1899 18:51:00,30/12/1899 03:44:00,30/12/1899 05:02:00,30/12/1899 05:26:00
11,28,30/12/1899 11:21:00,30/12/1899 14:45:00,30/12/1899 17:37:00,30/12/1899 18:51:00,30/12/1899 03:44:00,30/12/1899 05:02:00,30/12/1899 05:26:00
11,29,30/12/1899 11:21:00,30/12/1899 14:45:00,30/12/1899 17:37:00,30/12/1899 18:51:00,30/12/1899 03:44:00,30/12/1899 05:02:00,30/12/1899 05:26:00
11,30,30/12/1899 11:21:00,30/12/1899 14:45:00,30/12/1899 17:37:00,30/12/1899 18:51:00,30/12/1899 03:44:00,30/12/1899 05:02:00,30/12/1899 05:26:00
12,1,30/12/1899 11:23:00,30/12/1899 14:48:00,30/12/1899 17:39:00,30/12/1899 18:54:00,30/12/1899 03:45:00,30/12/1899 05:04:00,30/12/1899 05:28:00
12,2,30/12/1899 11:23:00,30/12/1899 14:48:00,30/12/1899 17:39:00,30/12/1899 18:54:00,30/12/1899 03:45:00,30/12/1899 05:04:00,30/12/1899 05:28:00
12,3,30/12/1899 11:23:00,30/12/1899 14:48:00,30/12/1899 17:39:00,30/12/1899 18:54:00,30/12/1899 03:45:00,30/12/1899 05:04:00,30/12/1899 05:28:00
12,4,30/12/1899 11:23:00,30/12/1899 14:48:00,30/12/1899 17:39:00,30/12/1899 18:54:00,30/12/1899 03:45:00,30/12/1899 05:04:00,30/12/1899 05:28:00
12,5,30/12/1899 11:23:00,30/12/1899 14:48:00,30/12/1899 17:39:00,30/12/1899 18:54:00,30/12/1899 03:45:00,30/12/1899 05:04:00,30/12/1899 05:28:00
12,6,30/12/1899 11:25:00,30/12/1899 14:50:00,30/12/1899 17:41:00,30/12/1899 18:57:00,30/12/1899 03:46:00,30/12/1899 05:06:00,30/12/1899 05:29:00
12,7,30/12/1899 11:25:00,30/12/1899 14:50:00,30/12/1899 17:41:00,30/12/1899 18:57:00,30/12/1899 03:46:00,30/12/1899 05:06:00,30/12/1899 05:29:00
12,8,30/12/1899 11:25:00,30/12/1899 14:50:00,30/12/1899 17:41:00,30/12/1899 18:57:00,30/12/1899 03:46:00,30/12/1899 05:06:00,30/12/1899 05:29:00
12,9,30/12/1899 11:25:00,30/12/1899 14:50:00,30/12/1899 17:41:00,30/12/1899 18:57:00,30/12/1899 03:46:00,30/12/1899 05:06:00,30/12/1899 05:29:00
12,10,30/12/1899 11:25:00,30/12/1899 14:50:00,30/12/1899 17:41:00,30/12/1899 18:57:00,30/12/1899 03:46:00,30/12/1899 05:06:00,30/12/1899 05:29:00
12,11,30/12/1899 11:27:00,30/12/1899 14:52:00,30/12/1899 17:44:00,30/12/1899 18:59:00,30/12/1899 03:47:00,30/12/1899 05:07:00,30/12/1899 05:31:00
12,12,30/12/1899 11:27:00,30/12/1899 14:52:00,30/12/1899 17:44:00,30/12/1899 18:59:00,30/12/1899 03:47:00,30/12/1899 05:07:00,30/12/1899 05:31:00
12,13,30/12/1899 11:27:00,30/12/1899 14:52:00,30/12/1899 17:44:00,30/12/1899 18:59:00,30/12/1899 03:47:00,30/12/1899 05:07:00,30/12/1899 05:31:00
12,14,30/12/1899 11:27:00,30/12/1899 14:52:00,30/12/1899 17:44:00,30/12/1899 18:59:00,30/12/1899 03:47:00,30/12/1899 05:07:00,30/12/1899 05:31:00
12,15,30/12/1899 11:27:00,30/12/1899 14:52:00,30/12/1899 17:44:00,30/12/1899 18:59:00,30/12/1899 03:47:00,30/12/1899 05:07:00,30/12/1899 05:31:00
12,16,30/12/1899 11:29:00,30/12/1899 14:55:00,30/12/1899 17:46:00,30/12/1899 19:01:00,30/12/1899 03:48:00,30/12/1899 05:09:00,30/12/1899 05:33:00
12,17,30/12/1899 11:29:00,30/12/1899 14:55:00,30/12/1899 17:46:00,30/12/1899 19:01:00,30/12/1899 03:48:00,30/12/1899 05:09:00,30/12/1899 05:33:00
12,18,30/12/1899 11:29:00,30/12/1899 14:55:00,30/12/1899 17:46:00,30/12/1899 19:01:00,30/12/1899 03:48:00,30/12/1899 05:09:00,30/12/1899 05:33:00
12,19,30/12/1899 11:29:00,30/12/1899 14:55:00,30/12/1899 17:46:00,30/12/1899 19:01:00,30/12/1899 03:48:00,30/12/1899 05:09:00,30/12/1899 05:33:00
12,20,30/12/1899 11:29:00,30/12/1899 14:55:00,30/12/1899 17:46:00,30/12/1899 19:01:00,30/12/1899 03:48:00,30/12/1899 05:09:00,30/12/1899 05:33:00
12,21,30/12/1899 11:32:00,30/12/1899 14:58:00,30/12/1899 17:49:00,30/12/1899 19:04:00,30/12/1899 03:51:00,30/12/1899 05:12:00,30/12/1899 05:36:00
12,22,30/12/1899 11:32:00,30/12/1899 14:58:00,30/12/1899 17:49:00,30/12/1899 19:04:00,30/12/1899 03:51:00,30/12/1899 05:12:00,30/12/1899 05:36:00
12,23,30/12/1899 11:32:00,30/12/1899 14:58:00,30/12/1899 17:49:00,30/12/1899 19:04:00,30/12/1899 03:51:00,30/12/1899 05:12:00,30/12/1899 05:36:00
12,24,30/12/1899 11:32:00,30/12/1899 14:58:00,30/12/1899 17:49:00,30/12/1899 19:04:00,30/12/1899 03:51:00,30/12/1899 05:12:00,30/12/1899 05:36:00
12,25,30/12/1899 11:32:00,30/12/1899 14:58:00,30/12/1899 17:49:00,30/12/1899 19:04:00,30/12/1899 03:51:00,30/12/1899 05:12:00,30/12/1899 05:36:00
12,26,30/12/1899 11:34:00,30/12/1899 15:00:00,30/12/1899 17:51:00,30/12/1899 19:06:00,30/12/1899 03:53:00,30/12/1899 05:14:00,30/12/1899 05:38:00
12,27,30/12/1899 11:34:00,30/12/1899 15:00:00,30/12/1899 17:51:00,30/12/1899 19:06:00,30/12/1899 03:53:00,30/12/1899 05:14:00,30/12/1899 05:38:00
12,28,30/12/1899 11:34:00,30/12/1899 15:00:00,30/12/1899 17:51:00,30/12/1899 19:06:00,30/12/1899 03:53:00,30/12/1899 05:14:00,30/12/1899 05:38:00
12,29,30/12/1899 11:34:00,30/12/1899 15:00:00,30/12/1899 17:51:00,30/12/1899 19:06:00,30/12/1899 03:53:00,30/12/1899 05:14:00,30/12/1899 05:38:00
12,30,30/12/1899 11:34:00,30/12/1899 15:00:00,30/12/1899 17:51:00,30/12/1899 19:06:00,30/12/1899 03:53:00,30/12/1899 05:14:00,30/12/1899 05:38:00
12,31,30/12/1899 11:34:00,30/12/1899 15:00:00,30/12/1899 17:51:00,30/12/1899 19:06:00,30/12/1899 03:53:00,30/12/1899 05:14:00,30/12/1899 05:38:00
